Name,Email,Password
Lawrence,lawre.mab@autozone-inc.info,0cbb647d13b015730d919e7840892039
Trinity,trsoul@acusage.net,209559ea7a646246efec22719eb0451b
Caldwell,cald.woodie@egl-inc.info,e71241e02a2ba6101faf1fe334692dce
Shantal,sha.mccl@arketmay.com,bd0d4d7fa934e7d868fd0a3c9e4c79e9
Harden,hard-soule@egl-inc.info,c1824ee11d07e85c47cf1a9f669f5d45
Meira,meir-ma@progressenergyinc.info,c3e851c5e2e80210f4d09169b8771e3d
Emmanuel,emmanuel.cofiel@acusage.net,8cec53eb7081821504abeadedee1f19c
Marielle,mariell_wood@autozone-inc.info,cb5671fa3cec2bc09ddc90f3b02c3885
Tara,tar_wo@progressenergyinc.info,f26d54a99c9a1f328bf0d00d8dd08620
Samson,sam.bre@consolidated-farm-research.net,8e160f65d920f9d2dc24f0be72b4798c
Idra,idra_gu@progressenergyinc.info,0628faae1bd5c838b871f5952d6d10c2
Bazyli,bazylto@arvinmeritor.info,fd8e3432dda01044186b9eb305484844
Isidore,isidorehedgepe@careful-organics.org,1bbced58c96746b3c13fce553c9bc07f
Tierra,tie-mal@egl-inc.info,db442139a281e3d03e8602a4acdad5a3
Samson,samso.mah@diaperstack.com,a0e5b4826c56e7daf34f0479be222596
Kalti,kalti_lake@acusage.net,c9a6b5df6cc335e5d9802ab2abd28f7b
Flavius,flav_gas@diaperstack.com,0489701e1504e7766614aa63dd6cbd7c
Wanika,wan-tri@consolidated-farm-research.net,7a433acf125d0b48b0a48ff9f2acdaa5
Kaushik,kau_oll@arketmay.com,f99faac08aa47a4484d8723d976cd051
Ai,aialai@careful-organics.org,2f07e372314b4bccb74f88b84b459913
Jeri,jer_pederso@careful-organics.org,6c764c19bd847035a9002168b3044a18
Xiao,xiao_cot@autozone-inc.info,4de009e3b341308a71a4350ed334acfb
Jarka,jarka.bodd@diaperstack.com,1dda049038abcbb8168275778534bf5d
Sanako,sanak_van@autozone-inc.info,e00a1f63cfa7b0206e7ac8de7293005d
Onur,onur-slad@egl-inc.info,72a43adfe6fcf6e10d0a8c9f33ee0e28
Miki,miki-lefeb@careful-organics.org,6a8b5e32ae92a30419a7c77f1f7d24d4
Guyra,guyra-dews@diaperstack.com,d7c96e77d9c8ef33a38bbb4a26dcc96f
Srikant,srikan-backe@autozone-inc.info,853c9d83250f870e17c3c7f10f52a6ab
Tuncer,tun.bolde@careful-organics.org,7a0cfb036519f3873f07600ab831202b
Cyrene,cyre-mitche@progressenergyinc.info,add1f484c6d053f0acd8d459877f15f3
Bathsheba,ba_glaz@progressenergyinc.info,71e86185b13cb4a1a40f149d3062f37b
Upton,upto.cot@autozone-inc.info,8516daf4447e595186d9c42e83a521fa
Wanika,wanistandar@egl-inc.info,f02fc3fa4dd373c10bcc2efce4a06eb2
Parlan,parl_love@acusage.net,91006b49d8016c00adfcdad9f8358c90
Omarjeet,om-micke@careful-organics.org,45887c3211792483feae9b1c9e421bed
Talib,tal-ful@progressenergyinc.info,81ac4cbf31b885357b42a1a918de4634
Anninka,anninmcelro@egl-inc.info,636be5358126c84976956117f1390755
Shantal,shantal.coo@egl-inc.info,54733d9dd529756790377497b319b9e0
Arvad,arva-glaz@arvinmeritor.info,8f5a0c840ac6606b9d58aa728458ab72
Androcles,androhoer@acusage.net,125de1c591d433cbffe64dea82f07dde
Vittorio,vittorio_ritz@progressenergyinc.info,597a961471e45c5f571746a129267f0b
Carlie,carlie_berryhi@autozone-inc.info,ab108dfc74a00b52c0d274066c59254f
Edana,edgl@acusage.net,09076914ada776ce1fe8d0576b75bc6b
Ama,am-fragos@diaperstack.com,cb7b6bc250f92cfe70b83640989a8379
Lavonne,lavonn.ba@egl-inc.info,2f9951bd2030865ed7a73fac5c1c8c73
Felix,felix.bod@arketmay.com,1225e6baaf8653479c8119e9df1ef7ef
Stina,sti_dar@arvinmeritor.info,897176457ac74ca7b75f380ee95fb564
Zosima,zosim_th@progressenergyinc.info,3a91c48146ae88ed0cfa8e71a70fc985
Idra,idra.willi@autozone-inc.info,2f5698fbe19cd3fab1036b9b248b05dd
Jeri,jeri.mick@autozone-inc.info,bd292f389824227f17e015a9d93f0c0f
Name,Email,Password
ical5,fa@aaaa.com,$2a$15$88/wJA01aBdU9fntlEe.2u22Rp22WtMS/J5LqR.HAqW.0Jna9EfqK
Name,Email,Password
ical3,fa@aaaa.com,$2a$15$8YIYRRzI3BN5XN60bXUXBetYSyw3NQkIKTAoAAHTLritDwQgdMJTy
Name,Email,Password
ical1,fa@aaaa.com,$2a$15$x4ZOM5/1xJ/1YDMoDkYa/uOR9ovFClvCcnRDRnZWXXn5b.wdkxvda
